ime,ocena1,ocena2,ocena3,ocena4,ocena5
Nimbuzz Messenger / Free Calls,242746,75198,40631,16154,28291
Adhan Time / Holy Quran Pro,337862,36097,10449,5343,14138
+HOME Launcher,171479,40608,22128,9113,16336
100 Balls - Catch The Balls,113900,54661,49499,28671,43248
101 Y√ºzbir Okey Plus,1709007,51105,21600,11506,55034
101-in-1 Games,635659,222288,82424,13542,23823
1010! Puzzle,235432,69911,31780,13292,23430
1Weather:Widget Forecast Radar,321883,102558,19826,7730,10868
2048 Number puzzle game,905862,256870,101960,42926,65989
2048,477298,147886,60631,27197,42894
"2GIS: directory,map,navigator",461616,63006,20646,13590,29439
300: Seize Your Glory,360228,92108,61283,30157,55756
360 Battery - Battery Saver,181150,39742,15992,4183,8414
360 Security - Antivirus Boost,11360458,2195687,755672,251474,448875
360 Security Lite Speed Boost,1362127,293864,132490,37398,63008
365Scores - Sports Scores Live,385137,79871,23659,10044,17166
3D Bowling,541429,166091,98063,51877,86292
3D Tennis,514679,162691,86394,40714,71473
3G 4G WiFi Maps &amp; Speed Test,179996,81482,33472,11543,16885
4 Bilder 1 Wort,227583,76336,29615,11470,18395
4 Fotos 1 Palabra,505086,167917,65921,23459,36640
4 Images 1 Mot,157610,74997,25651,7917,10405
4 Pics 1 Word,637918,236783,72271,20132,30907
4shared,2871299,707407,341597,133201,300157
7 Minute Workout,251014,64526,19052,7438,11732
8 Ball Pool,5682659,1152774,428754,178104,410274
9 Innings: 2016 Pro Baseball,391473,102321,28805,9099,20609
94%,1244391,381591,99233,20274,31608
9GAG: Best LOL Pics &amp; GIFs üòÇ,869950,163727,29447,11336,21083
aa,510264,120696,65926,30911,78978
Abs workout,191147,60489,30297,15408,27798
Account Manager,37979,9997,5542,2187,7480
AccuWeather,905984,451591,118379,37956,58496
Ace Fishing: Wild Catch,816006,240375,96405,33794,76455
Adobe Acrobat Reader,1506171,506957,211103,88168,152741
Adobe AIR,556469,139168,101001,54914,165123
Adobe Photoshop Express,337993,117906,63127,28280,58768
Advanced Download Manager,276142,53317,18714,8383,22799
Advanced Task Killer,390864,107874,35821,13566,26587
Advanced Task Manager,237031,65703,21054,6872,12146
AfreecaTV (Korean),175154,26898,24859,15636,135512
Agar.io,2219140,420600,235191,107735,328739
Age of Warring Empire,360880,66536,31297,12764,45760
Agent Dash,230472,55292,28782,15048,32719
ai.type Free Emoji Keyboard,365163,81662,45786,23515,51793
AIMP,192984,40305,14858,6865,11606
Air Control Lite,157996,54475,17752,5873,9150
Airport City,400183,71416,36426,15160,36721
Akinator the Genie FREE,761505,150733,80163,38688,103315
Al'Quran Bahasa Indonesia,230600,38557,11539,5823,7729
Al-Moazin Lite (Prayer Times),168738,18096,9344,6324,9893
Alarm Clock for Me free,201251,69635,26741,10023,20370
Alarm Clock Xtreme Free +Timer,553616,117357,32537,14822,29743
Album,107982,34867,15821,6765,13463
Alchemy,251707,44802,17052,6967,12395
Alien Creeps TD,345533,115308,41071,14384,24884
AliExpress Shopping App,1287988,289631,114183,46125,117926
AlphaBetty Saga,161332,71167,29420,11303,17023
Alto's Adventure,227734,44812,17143,7105,15546
Amazing Spider-Man 2 Live WP,137997,29705,18668,12110,33126
Amazon India Online Shopping,623671,246427,89435,34626,77220
Amazon Kindle,372063,112530,45161,22799,65907
Amazon Music,291706,130404,35702,15031,49550
Amazon Shopping,347224,104237,40291,17112,39276
Amber Weather - Local Forecast,152445,46368,15879,6371,11160
AMC Security - Antivirus Boost,211646,45160,15947,7258,12602
Android Device Manager,253170,78673,35139,14842,23951
Android Pay,76747,23950,9693,5361,21485
Android System WebView,448246,122891,53836,15980,45849
Androidify,176139,51190,26127,11574,19759
AndroZip‚Ñ¢ FREE File Manager,164835,50821,23658,10391,22269
Anger of Stick 2,147454,27686,16137,8664,19215
Anger Of Stick 4,160311,29400,18450,10361,25575
Anghami - Free Unlimited Music,285536,41161,24950,12585,31484
Angry Birds 2,1339740,284759,90113,41091,93911
Angry Birds Epic RPG,1766337,284133,120158,60910,130115
Angry Birds Fight! RPG Puzzle,191612,37087,17557,9270,20342
Angry Birds Friends,416819,92425,51076,31553,61106
Angry Birds Go!,2351332,455639,243715,137255,336501
Angry Birds POP Bubble Shooter,287248,72493,26890,10505,17529
Angry Birds Rio,1544411,341633,158573,79792,138475
Angry Birds Seasons,1121279,213584,100984,54704,117934
Angry Birds Slingshot Stella,334107,78849,41380,24795,41136
Angry Birds Space,850069,148995,74739,40481,87571
Angry Birds Star Wars II Free,763039,160089,79887,45621,85414
Angry Birds Star Wars,774646,150891,75602,40593,84085
Angry Birds Transformers,945210,181209,80724,44362,96243
Angry Birds,3491773,715266,319540,154934,302401
Angry Gran Run - Running Game,564038,118016,71672,40013,80455
ANT Radio Service,55501,13808,9670,4004,30539
Ant Smasher Free Game,711111,148421,91944,45499,105484
ANT+ Plugins Service,38384,7662,5877,2738,31599
Anti-virus Dr.Web Light,736523,129785,50876,27937,50242
Antivirus &amp; Mobile Security,208660,59067,15312,5328,9349
AntiVirus FREE 2016 - Android,3673712,920093,325816,126550,197664
Antivirus Free - Virus Cleaner,515116,150316,59669,20974,31221
"Antivirus, Booster &amp; Cleaner",2352209,576525,214275,65187,138809
AnTuTu Benchmark,706163,111162,32706,13020,35166
Apex Launcher,151859,38120,16383,7521,15317
App Backup Restore - Transfer,140546,37427,16252,7387,13506
App Lock,214996,54638,21111,7889,14554
AppLock - Fingerprint,440075,112689,41619,16397,29152
AppLock,2438680,628413,275995,122819,220415
AppMgr III (App 2 SD),224099,73176,30754,14236,35456
APUS Booster+ (cache clear),677252,117867,43059,15998,23087
"APUS Launcher-Theme, Wallpaper",3655104,771382,313244,115583,232488
APUS Msg Center - Notification,735280,119114,46967,19536,31779
Aquarium Live Wallpaper,153453,44469,23900,12857,19675
AR effect,41941,10746,4929,1850,5806
Arcane Legends MMO-Action RPG,265955,49679,23022,11113,27936
Archery Master 3D,410521,118967,67401,28341,50932
Archery Tournament,121960,55994,35640,19130,30640
Armored Car HD (Racing Game),119632,27162,20118,12961,30281
ASKfm,672239,201840,123633,54271,105781
Asphalt 8: Airborne,4975705,677001,272459,143406,427859
Asphalt Moto,110619,37079,25564,14568,28124
Asphalt Nitro,560085,112326,49652,21671,51829
Asphalt Overdrive,139368,41247,29621,16074,40172
Assistant for Android,175963,52907,19476,8035,12736
Assistant ‚Äì Your Voice Aide,788662,131490,45118,18128,37898
ASTRO File Manager,374576,99929,40033,18617,49130
ASUS Email,170227,38621,11400,2539,3933
ASUS Messaging - SMS &amp; MMS,213204,52387,17128,4417,6839
ASUS PixelMaster Camera,362420,76922,27054,10935,20115
ASUS Weather,240979,68009,18720,4100,5988
Audiobooks from Audible,207945,52769,18336,9334,21597
Auto- Athkar for muslims,248323,17433,7342,5230,8591
Automatic Call Recorder,681797,199708,81488,41399,76139
AutoRap by Smule,225438,50055,36173,20042,49675
Avakin Life - 3D virtual world,285355,41842,31316,16687,57551
Avast Anti-Theft,151707,43899,20086,9809,18254
Avast Battery Saver,141809,47740,15129,5373,8097
Avast Cleanup &amp; Boost,324834,95863,29506,9486,12589
AVD Download Video,282418,78368,52565,25325,80033
Avira Antivirus Security,271751,69280,23980,9765,17790
Avito,385491,84709,25170,15764,43693
Aworded Crack,192463,91103,26200,7241,13005
Azar,367701,76022,54573,25304,66286
B612 - Selfie from the heart,1740242,432134,227271,97518,154924
Backgammon Free,170770,74529,18101,5891,10516
Backgrounds HD (Wallpapers),1763591,321533,92645,36822,58244
Backgrounds HD Wallpapers,130526,42668,19755,8435,15049
Bad Piggies HD,421074,77902,41291,24356,49200
Bad Piggies,709795,128778,69969,40780,81492
BADLAND,1016506,197645,74298,32393,60088
Badoo - Meet New People,1987409,427116,240509,87128,202133
Bakery Story‚Ñ¢,264595,55855,28482,13900,33238
Balance 3D,191172,59948,42720,26862,53080
Banana Kong,1812262,447379,207374,90906,150066
Banco do Brasil,467360,135010,31069,10906,18401
Bank of America,137257,38313,13308,7708,21171
Barbie Magical Fashion,134668,25163,22358,14935,36493
Barcode Scanner,341276,123871,62358,27293,60050
Basketball Mania,264167,71965,38401,19035,31864
Basketball Shoot,359143,97561,39277,16157,28871
Basketball Stars,265849,62446,23844,9205,30602
Batman Arkham Origins,437928,89441,49469,25262,58515
Battery Doctor (Power Saver),5852693,1354345,473945,151053,252180
Battery HD,350127,87850,23457,7985,13387
Battery,734430,206529,70625,22687,38035
Battle Camp,311959,66770,44559,23941,67776
Battle of Zombies: Clans War,206501,42504,33526,16840,46603
BBC News,129822,57933,16878,7568,11059
BBM,6293066,2050072,936119,341747,562577
Beach Buggy Blitz,351713,91210,49390,26264,52199
Beach Buggy Racing,587394,119004,54432,28719,54798
Beaming Service for Samsung,34905,7793,5873,2903,43922
BEAT MP3 - Rhythm Game,120809,36268,26175,12634,27549
BeautyPlus-Easy Photo Editor,1240364,422514,173431,65277,97342
BeeTalk,456089,154200,94669,40135,72466
Bejeweled Blitz,125912,41570,19251,9483,13454
Ben 10 Xenodrome,154030,28352,18197,10015,20829
Benji Bananas,633367,163743,84777,40246,69103
Best Fiends - Puzzle Adventure,775834,140476,40345,18600,34927
Best Wallpapers QHD,159160,48942,19934,8078,13214
BestMe Selfie Camera,463993,67148,27497,8724,14997
Betternet Free VPN Proxy,350615,83725,30139,10096,24764
Bible Offline,356265,54261,13134,5229,6556
Bible,1661292,225071,58039,24959,59702
Big Fish Casino ‚Äì Free Slots,192691,60730,21542,7655,21921
BIGO LIVE - Live Broadcasting,238068,59985,50567,19539,35811
Bike Mayhem Free,149870,37839,20733,9109,17681
Bike Race Free Motorcycle Game,1516357,206699,103802,48769,99536
Bike Racing 3D,428730,126781,79605,39317,66417
Bingo Bash,298719,83420,38074,13847,31474
Bingo Blitz: Bingo+Slots Games,272384,59622,27311,11662,23680
BINGO!,192202,53380,22790,6222,12760
Bitmoji ‚Äì Your Personal Emoji,447881,122249,36289,10158,19103
BitTorrent¬Æ- Torrent Downloads,299637,83420,22501,8728,23399
"BlaBlaCar, Trusted Carpooling",291351,118467,27862,9596,23035
BLACKJACK!,273932,157865,52319,7865,10796
Blast Monkeys,214186,109711,39240,4240,4029
Blitz Brigade - Online FPS fun,981434,144240,77826,43483,142873
Block Puzzle,222633,80843,36250,17293,25549
BlockBuild,232927,49984,41968,27899,94594
BlockLauncher,529323,88756,81335,49295,214377
Blocky Roads,249606,54888,33295,17857,36734
BLOOD &amp; GLORY,562895,121939,35837,11745,32049
Bloons TD Battles,389520,73069,36171,18192,44450
Blossom Blast Saga,541671,179727,61301,17925,30904
Bluelight Filter for Eye Care,197020,61743,25370,11151,17656
Bluetooth File Transfer,153689,46014,22612,9489,19075
Blurb Checkout,20694,3855,3982,3188,170730
BMX Boy,479208,101861,61591,35452,66248
Bomber Friends,239862,53552,30927,13943,28812
BombSquad,258014,56907,28200,13353,28417
Booking.com Hotel Reservations,553636,152301,23283,6976,12645
"BookMyShow‚ÄìMovie Tickets,Plays",243709,122057,42042,14541,25955
Boom Beach,3236768,793401,282971,107077,218306
Boomerang from Instagram,233890,65351,28508,10948,24517
Booster &amp; Power Saver,252642,80820,29226,8587,12229
Bouncy Ball,158364,25463,17480,9867,31509
Bowling King,1070278,295777,92604,19586,36125
Bradesco,194788,56254,28303,17770,44468
Brain Dots,293272,88835,40011,18175,49641
Brain It On! - Physics Puzzles,210957,48864,14680,5690,12806
Brain Wars,295082,121229,40452,14473,24073
Brave Frontier,472850,100777,38012,17984,43910
Bridge Constructor FREE,190927,52430,28798,15538,40852
Briefing for Samsung (Update),7756,2326,1559,1023,10822
Brightest Flashlight Free ¬Æ,1087739,139084,36770,13316,39265
Brightest LED Flashlight,566730,117676,41085,14388,27727
Brothers in Arms¬Æ 3,791159,147578,56120,27994,61973
Bubble Blast 2,498961,156191,28316,6549,9360
Bubble Mania‚Ñ¢,176287,54791,31118,15118,28560
Bubble Poke‚Ñ¢,120853,60907,29263,11412,16253
Bubble Shooter,215530,56494,21497,9417,14081
Bubble Witch 2 Saga,1632310,508235,230049,95723,137313
Bubble Witch Saga,236962,82178,44389,19301,31509
Bubble Worlds,150072,48712,21746,9620,15030
Bunny Shooter Free Game,279846,46229,14548,4009,12092
Burger Shop,168535,37367,24017,13804,25910
Burger,507239,132417,71379,37795,67353
Bus Rush,307727,74884,56324,29249,68786
Bus Simulator 2015,636215,150010,86792,40620,100967
Bus Simulator 3D,196672,45568,28934,16459,41251
Buzz Launcher-Smart&amp;Free Theme,147474,36370,16311,6991,12829
"C Launcher ‚Äì Themes, Wallpaper",554602,105104,40619,13834,26888
Caesars Slots Spin Casino Game,171174,50953,19813,7208,15213
CAIXA,95431,31660,21008,15333,58984
Calculator - unit converter,185840,37265,8835,1463,2183
Calculator Plus Free,377321,98423,23507,11001,19536
Call of Duty¬Æ: Heroes,904346,234973,79305,27901,80195
Call of Mini: Zombies,273216,51948,30349,15158,35720
Call of Mini‚Ñ¢ Infinity,389133,77097,46117,25429,71567
Call Recorder - ACR,221665,43257,14100,7671,20998
Call Recorder,138769,46171,23626,12474,29602
Caller ID &amp; Block by CallApp,227063,65193,34165,10702,19673
Calls Blacklist - Call Blocker,174066,45627,16411,7278,12251
Calorie Counter - MyFitnessPal,1036667,288669,43086,16050,31447
Camera 360 Selfies - Bestie,211469,52173,25350,8657,13178
Camera360 - Photo Editor,2787453,758197,328691,142458,246624
CamScanner -Phone PDF Creator,588370,192999,53734,19559,27029
Can Knockdown 3,196370,57472,32952,15551,29588
Can You Escape - Tower,123009,43059,18624,8655,16465
Can You Escape 2,174339,64171,26346,10843,21237
Can You Escape,482205,204701,66816,18234,35866
Candy Camera,1836651,471765,219930,85539,145601
Candy Crush Jelly Saga,546338,180595,81768,28345,58980
Candy Crush Saga,10802645,2951532,1180822,486555,967327
Candy Crush Soda Saga,2960874,923727,406502,174795,289069
Candy Frenzy,113719,38797,27648,14333,23553
Capital One¬Æ Mobile,190939,46663,8342,4407,12621
Card Wars Kingdom,332138,48688,33506,18740,65950
Cars: Fast as Lightning,744334,158071,92691,56127,126798
Cartoon Camera,141858,54969,23255,8251,14741
Cartoon Wars,419661,55573,25584,12307,39005
CarX Drift Racing,500817,66177,30799,15289,37975
Castle Clash: Rise of Beasts,3426501,279213,145863,65938,215567
Castle Clash: –≠—Ä–∞ –ü–∏—Ç–æ–º—Ü–µ–≤,1292844,55957,24219,12403,49276
Castle Defense,243447,46864,23820,11074,21642
CCleaner,431951,129679,45461,18135,26365
Chase Mobile,666328,151466,23076,9187,21800
Checkers Elite,163844,43666,22229,10450,21083
Chess Free,749149,251549,73523,28154,44755
Chess Live,167216,56545,29229,14776,25947
chomp SMS,200796,72524,25839,10136,15312
Chrome Browser - Google,3761150,1070239,489240,212499,468725
"Cierto o falso, saber es ganar",113318,49289,22294,8610,15767
Circle,134901,46631,29927,16354,31404
City Driving 3D,111790,25848,22775,13121,34840
City Island ‚Ñ¢: Builder Tycoon,162718,45614,22642,10156,23109
City Racing 3D,685261,129267,61130,23499,42333
Clash of Clans,24135060,3288153,1237146,562096,1440069
Clash of Kings,1234448,257140,135891,64537,207888
Clash of Lords 2,1247804,113358,68902,33602,100267
Clash Royale,5347605,930816,364846,135531,503900
Clean Master (Boost &amp; AppLock),28617756,5151208,1395622,458851,838651
Clean Master Lite (Boost),836489,239944,70702,14973,23110
Clean Master x86 (Intel CPU),394932,79672,26959,9571,15223
Cleaner 2016 - Clean &amp; Boost,580630,231665,79570,27824,39454
Clock,67432,21727,10294,4958,9706
Cloud Print,109857,35058,19624,7968,22646
Clouds &amp; Sheep,418826,64674,25506,12095,21908
Clumsy Bird,338250,110798,72573,43368,101549
Clumsy Ninja,698743,123183,61758,32556,73173
CM Browser - Fast &amp; Light,1437949,296821,101231,42633,64423
CM Launcher 3D- üéÉüëª Theme,2722683,513352,176148,56184,105021
CM Locker Repair Privacy Risks,1988497,344141,130305,41285,68443
CM Security AppLock AntiVirus,16339839,2837650,843336,251022,439315
CNN Breaking US &amp; World News,110195,52081,19420,11782,22393
Coco,179349,39046,30140,17402,36683
Coin Dozer - Free Prizes,715910,163802,78751,31992,64853
Collage Photo Maker Pic Grid,208369,62442,29992,10684,17251
Color Flashlight,280617,67275,35650,19558,43642
Color Switch,742180,122321,50453,20327,54755
Colorfy - Coloring Book Free,482640,87954,29270,9680,18342
ColorNote Notepad Notes,1370944,331152,90111,32526,46207
Compass,144947,81792,19786,5995,10517
CONTRACT KILLER 2,453881,103812,49260,23588,53378
CONTRACT KILLER,202548,52333,16488,5457,14177
CONTRACT KILLER: SNIPER,394376,106221,46942,23576,57200
Cookie Jam,507193,126111,57769,28705,47651
COOKING DASH 2016,190536,66516,32741,12811,22711
Cooking Fever,1146590,269963,116524,45734,82458
COOKING MAMA Let's CookÔºÅ,184158,39840,29898,15676,29224
Cool Reader,169936,27422,10463,6722,11818
Covet Fashion - Dress Up Game,208335,67115,28360,14271,32520
Cow Evolution - Clicker Game,353456,58558,22734,10422,19531
cPro Craigslist Mobile Client,266338,66529,13941,4518,10169
CPU-Z,175596,42036,14658,5984,10385
Crack My Screen - Prank Fun,139608,32987,23204,15131,38234
Crackle - Free TV &amp; Movies,180312,61691,41920,23073,64453
Crafting and Building,261352,37595,25262,14523,64577
Crazy Dentist - Fun games,221921,52036,46903,30365,74416
Crazy Doctor,146044,38933,24838,14623,30867
Crazy Kitchen,304730,49542,17884,8361,14045
Crazy Taxi‚Ñ¢ City Rush,178723,47616,27857,15767,37251
Credit Karma,352728,75278,12516,3811,7693
Cricbuzz Cricket Scores &amp; News,355757,117703,35385,14087,20263
Cricket T20 Fever 3D,146966,47429,26306,12615,21955
Crime City (Action RPG),135565,33645,16118,7377,18581
Criminal Case,2223776,423421,177365,71625,128177
Critical Strike Portable,497986,92302,53969,26236,76501
Crossy Road,2833094,515795,199972,82332,173804
Crunchyroll - Everything Anime,114267,33968,20394,11390,35123
CSI: Hidden Crimes,433335,118916,68410,35517,61480
CSR Classics,564806,117780,44761,19867,42112
CSR Racing,1610411,306572,128237,61014,141348
Cut the Rope 2,1287146,311562,170714,91908,139206
Cut the Rope FULL FREE,1080765,226233,123840,67031,125326
Cut the Rope: Experiments FREE,342699,58686,35139,21998,46891
Cut the Rope: Magic,178008,27649,10543,4077,8494
Cut the Rope: Time Travel,726365,114560,52076,29303,54688
Cymera - Photo &amp; Beauty Editor,1456484,357568,165353,72683,113338
Daddy Long Legs,261384,77793,36728,17544,35406
Daily Horoscope,279784,70216,16068,3733,5013
Dailyhunt (Newshunt) News,349561,144610,55636,20976,31688
Dailymotion,417187,141545,66399,25424,44971
Dandelion Live Wallpaper,177732,42080,21285,10934,18158
Danger Dash,325472,99872,60682,34196,63336
Darkness Reborn,460736,101559,40702,18178,49855
Dating for everyone ‚Äì Mamba,146857,30820,13387,7756,25431
DEAD TARGET: Zombie,657503,144000,56835,24620,46242
DEAD TRIGGER 2,1659555,292554,108761,48826,105418
DEAD TRIGGER,881482,151700,56462,23583,45742
Death Moto 2,132849,47138,26474,15941,25488
Deck Heroes: Legacy,405874,17891,10196,5435,17213
"DECOPIC,Kawaii PhotoEditingApp",135801,42481,19255,7677,11695
DEER HUNTER 2014,2602166,651862,231000,88574,207725
DEER HUNTER 2016,411420,103866,43375,18374,51795
Deezer - Songs &amp; Music Player,625344,157767,83417,45354,114886
Defender II,213165,41133,17830,8177,19662
Despicable Me,6638405,1103019,488660,242818,566661
Device Help,12572,3275,1756,581,1334
Devil Ninja 2,166266,38892,19230,8272,15052
DH Texas Poker - Texas Hold'em,357478,97923,37774,13451,32484
Diamond Dash - Tap the Blocks!,755023,167834,72673,27237,45758
Diamond Digger Saga,663358,239970,108584,43060,64964
Dictionary - Merriam-Webster,261437,64681,19065,7772,12797
Dictionary.com,615010,165670,38011,13373,23358
Dictionary,158578,59110,15473,4585,7424
Diner Dash,162766,64316,37513,15298,24708
DINO HUNTER: DEADLY SHORES,776678,181901,81053,37668,88522
Disney Crossy Road,294980,46930,19803,7862,20157
DJ Studio 5 - Free music mixer,254282,71790,44109,21162,42027
Docs To Go‚Ñ¢ Free Office Suite,110999,45324,21988,9282,20447
Dolphin - Best Web Browser üê¨,1745528,419860,109343,45471,88390
Dolphin Browser Express: News,155808,51721,26773,12317,25942
Don't Tap The White Tile,1952753,448964,212621,97312,173392
Don't Touch The Spikes,320948,90070,41309,19460,31029
Doodle Army 2 : Mini Militia,322742,60166,23043,11323,24005
Doodle Jump,651778,156698,84354,40276,72688
Dots: A Game About Connecting,171557,77080,41358,18889,24016
DoubleDown Slots &amp; Casino,155049,43529,20549,9798,25258
Dr. Driving,2994082,542087,254459,113525,205895
Dr. Parking 4,164530,35656,20553,9914,20974
Dr. SafetyÔºçBEST FREE ANTIVIRUS,209443,71100,24230,5527,9078
Dr.Web Security Space,374658,63682,24655,13427,31936
Drag Racing 4x4,230624,48799,25725,12834,25969
Drag Racing,1739253,355519,155960,69612,144002
Drag Racing: Bike Edition,248094,63500,34327,17162,34121
DRAGON BALL Z DOKKAN BATTLE,202421,42961,26626,14836,51062
Dragon City,3254591,472513,221394,103216,227194
Dragon Mania Legends,773113,124407,52328,25618,56842
Dragon Story‚Ñ¢,143631,27691,18484,10032,25920
DragonFlight for Kakao,2129871,516763,163946,27911,67452
Dragons World,222341,54907,27854,13510,31540
Dragons: Rise of Berk,747423,142014,72611,43054,112525
DragonVale,206349,37313,18322,10288,27477
Draw Something Free,581790,251119,100448,37375,76669
Dream League Soccer - Classic,2892487,471601,178790,83114,186043
Dream League Soccer,2479954,475099,177334,61601,143385
Drive Ahead!,312831,41209,19610,10754,39386
Driving School 2016,369030,71349,34979,13147,34730
Dropbox,1060858,292412,106592,38408,83343
DU Battery Saver - Power Saver,8710418,1846231,792507,253276,439509
DU Browser‚ÄîBrowse fast &amp; fun,718427,205278,90944,39199,63776
DU Speed Booster &amp; Cleaner,8616452,1978618,704776,222093,372425
Dubsmash,1025926,234719,132049,69905,146033
Dude Perfect 2,219208,33985,16819,8243,19411
Dumb Ways to Die 2: The Games,847620,201398,118890,63843,127407
Dumb Ways to Die,1447723,336545,170117,82120,137748
Dungeon Hunter 4,858570,182185,60218,25044,66281
Duolingo: Learn Languages Free,2750223,591043,103517,34319,55092
EA SPORTS UFC¬Æ,1187347,211243,84594,38351,117620
EA SPORTS‚Ñ¢ FIFA 16 Companion,329905,72206,45554,29137,132337
Earn Talktime -Recharge &amp; more,352627,81686,38060,18289,52386
Earn to Die 2,655564,89547,32655,13996,30763
Earn to Die Lite,344857,47121,24501,13265,43398
"Easy - taxi, car, ridesharing",238906,54824,18414,8454,18318
EasyTouch - assistive launcher,239990,56884,28183,11171,22701
EasyTouch,334165,66941,29376,10437,24880
"eBay - Buy, Sell, Bid &amp; Save",1238761,333625,129092,63554,172534
Edge of Tomorrow Game,175040,41719,32186,19058,53633
edjing Mix: DJ music mixer,352900,83161,37235,17226,35145
Emoji Keyboard Cute Emoticons,335569,82447,51493,20677,38821
Empire: Four Kingdoms,772400,177058,80456,42903,130423
Empires and Allies,195590,51396,21908,9441,24865
Endomondo - Running &amp; Walking,250846,90020,18846,8316,13896
English Dictionary - Offline,166893,64092,21494,8299,11347
English Hindi Dictionary,137953,60458,18403,6662,9536
Episode feat. Mean Girls,402105,122122,74170,30268,61897
Equalizer music player booster,281791,77684,35416,17076,34515
ES File Explorer File Manager,2503871,452787,147800,65316,142684
Escape Action,214162,71342,42333,18377,32607
Escape Block King,150225,60197,26727,9221,15978
Escaping the Prison,198414,33949,23246,14598,43047
ESPN,275772,127598,36788,15812,32140
Euro Truck Driver (Simulator),244303,49685,27935,11978,33353
Evernote - stay organized.,1028163,285787,54131,18981,39659
Every Game Season 2 for Kakao,681308,100560,32111,4618,11483
Exploration Lite,991500,249330,218914,126005,322772
Extreme Car Driving Simulator,866977,166924,103302,55196,127449
Face Changer,261578,71823,40761,19994,40968
Facebook Groups,160147,55857,31722,13414,20913
Facebook Lite,1986821,551338,341812,149246,256968
Facebook Pages Manager,613660,182679,108784,49217,121727
Facebook,30279032,8394982,4905176,2486000,6794153
FaceQ,377384,80357,40136,20873,34434
Fail Hard,251250,73267,54350,33107,66173
Fake Call 2,275988,39162,25623,14219,42243
Fallout Shelter,1317394,267447,90376,41978,85176
Family Farm Seaside,737507,138371,78946,41747,95444
Family Feud¬Æ &amp; Friends,212089,88319,29559,7821,11859
Family Guy The Quest for Stuff,550273,152004,90605,50967,106949
Family Locator - GPS Tracker,290278,104268,31401,11012,21364
Fanatical Football,240395,56824,31234,16477,33810
Farm Heroes Saga,4522420,1246993,499589,205575,335255
Farm Heroes Super Saga,398467,126419,48863,13903,26475
Farm Story‚Ñ¢,149709,33437,19097,9711,24323
Farm Town:Happy City Day Story,153697,36881,26820,12434,27616
Farmer Sim 2015,126216,27736,18367,10162,27839
FarmVille 2: Country Escape,1221699,364132,175155,76195,153626
Fart sound,142576,30805,25020,16992,49761
Fashion Design - girls games,114058,27560,22782,15204,33687
Fashion Story‚Ñ¢,201989,43525,26335,13545,33371
Fast Racing 3D,1031913,279710,157247,80000,148854
Fastest Video Downloader,138950,42515,27151,11938,51368
FIFA 15 Soccer Ultimate Team,4421882,708665,348974,189450,579807
FIFA,172334,50225,27012,13382,26726
Fighting Tiger - Liberal,255966,57171,35289,20923,33735
File Commander - File Manager,307840,112173,43080,15807,35687
File Manager (File transfer),591053,155882,60254,22426,37791
File Manager,437427,104141,30264,7083,12542
Final kick: Online football,398784,86395,36320,13821,40949
Find My Friends,140400,51536,24246,9195,20687
Find My Lost Phone,150284,47566,20174,8387,21308
Fireflies lockscreen,196761,67241,30452,10810,18025
Firefox. Browse Freely,1747280,442097,176159,81804,144926
First Touch Soccer 2015,802250,160146,63175,24374,59201
Fish Live,381422,75918,41896,19903,38186
Fishdom,423760,109452,36664,11507,21157
Fishing Hook,371597,125928,53608,12829,21387
Fishing Paradise 3D Free+,208053,64657,36919,17191,39427
Fishing Superstars : Season5,193604,45207,19395,7388,22402
Fitbit,104487,50016,19273,12711,23420
Five Nights at Freddy's 2 Demo,764993,108558,75144,44221,118194
Five Nights at Freddy's 3 Demo,631230,71295,41421,21306,56903
Five Nights at Freddy's 4 Demo,480496,50501,32642,19429,56208
Flash Alerts 2,200790,45995,28511,16208,27257
Flash Keyboard - Emojis &amp; More,516766,155408,84206,26907,57658
Flashlight HD LED,396986,110049,46723,21282,37292
Flick Shoot (Soccer Football),291001,88100,45987,20200,39721
Flick Shoot 2,697814,176570,59128,20313,40118
Flickr,130791,51226,17519,7062,12563
Flight Pilot Simulator 3D Free,984320,158637,60239,21980,51608
Flight Simulator: Fly Plane 3D,247231,64947,51441,29013,65166
Flip Diving,222479,39343,17662,6443,18827
Flipagram,920940,196903,98339,44513,90085
Flipboard: Your News Magazine,716408,259148,64698,22110,63981
Flipkart Online Shopping,1451782,654442,206925,75230,157098
Flow Free,741776,220379,95268,45168,67637
Follow The Line,180029,74241,57524,33530,56273
Followers+ for Instagram,98074,29230,21813,12974,48612
Fotor Photo Editor,372296,103833,30715,9935,15784
Foursquare ‚Äî Best City Guide,255468,100895,44312,19164,49374
Free Antivirus &amp; Security App,327661,83641,34504,12396,19621
Free Music Player(Download now,157400,42301,19742,7975,25086
free video calls and chat,300546,56746,33366,18154,44157
FreeMyApps - Gift Cards &amp; Gems,134470,21703,16817,10247,52219
Frim - make new friends,377443,73708,36054,17968,45756
FRONTLINE COMMANDO 2,602020,148737,68337,33450,64910
FRONTLINE COMMANDO,868515,217926,71586,27081,60986
FRONTLINE COMMANDO: D-DAY,963510,191876,70805,30558,65398
FRONTLINE COMMANDO: WW2,231632,57460,29189,14148,37144
Frozen Free Fall,929824,236594,111787,58728,105557
Fruit Ninja Free,2981512,663206,339469,159656,302492
Fruit Slice,243914,78687,26114,7909,13777
Fruit Splash,155125,52431,36222,19369,30295
Fun Run - Multiplayer Race,354301,62347,33817,17648,39305
Fun Run 2 - Multiplayer Race,344431,56611,25677,13413,30138
Furby BOOM!,364939,47446,34195,24400,65414
FVD - Free Video Downloader,176071,50473,24379,9982,37800
FxGuru:  Movie FX Director,313390,54948,25409,12518,30158
Gaana: Bollywood Music &amp; Radio,365652,174798,66713,25205,45341
Galaxy Legend,293010,77985,36500,16788,48053
Gallery Lock (Hide pictures),244373,61975,22044,8077,18926
Gallery Vault - Hide Pictures,163774,36979,12951,5746,10270
Game of War - Fire Age,796908,148009,99725,54359,241166
Gangstar Vegas,2035622,254348,134838,73519,252139
Garfield's Pet Hospital,126726,33912,22043,13258,24735
GasBuddy: Find Cheap Gas,473042,199018,25324,4220,6456
Geek - Smarter Shopping,592624,176641,55065,15659,36065
Gemmy Lands - FreePlay,249886,38996,15995,9178,19986
Geometry Dash Lite,3668330,726178,277003,115229,237465
Geometry Dash Meltdown,903843,136718,46349,14479,36051
Get Wallet Cash &amp; Recharge,448986,106942,37567,14654,45759
Glide - Video Chat Messenger,205103,73126,29656,9845,17407
Glow Hockey 2,227405,62826,41082,24540,45565
Glow Hockey,834214,223429,149882,82684,146494
Gmail,2019675,598835,250235,95473,194965
GO Battery Saver&amp;Power Widget,188731,51602,25088,10459,17166
"GO Keyboard - Emoji, Sticker",2664855,567708,264176,83508,140017
"GO Keyboard - Emoji, Wallpaper",1706416,391437,190870,68308,115727
"GO Launcher-Theme,Wallpaper",4624017,1082213,392828,123456,226275
GO Locker - theme &amp; wallpaper,909787,238616,105343,35190,63591
"GO Security, Antivirus AppLock",462501,87932,30782,7231,19378
GO SMS Pro,1736340,455879,198653,76354,148317
GO Speed (Clean &amp; AppLock),441608,82686,28660,7949,15514
GO Weather Forecast &amp; Widgets,876575,228891,81117,25317,40560
GO-JEK,220115,74917,41269,17524,33771
Gods of Rome,213413,49048,20372,8402,24265
Godzilla: Strike Zone,172735,33950,29860,19221,62452
Goibibo-Hotel Flight Bus Car,124994,49306,16499,6755,17447
Golf Star‚Ñ¢,262786,96380,28540,9984,27706
Google Calendar,345506,139321,59990,28782,50184
Google Home,230334,70164,25943,13828,29384
Google Docs,290746,112786,46544,19711,31377
Google Drive,941571,292105,123065,43331,84831
Google Earth,1240473,347256,152545,72439,145802
Google Goggles,172513,73302,38858,16831,30259
Google Indic Keyboard,122169,39980,15583,7107,16189
Google Keep,363551,124647,39735,13830,17765
Google Keyboard,573601,175128,89105,41160,86379
Google Korean Input,27292,7358,4687,2362,17937
Google News &amp; Weather,118225,50496,24259,10277,19857
Google Now Launcher,468829,127413,59602,28522,50782
Google Opinion Rewards,269801,58569,34891,22966,64336
Google Photos,3654512,1038771,382483,141704,259436
Google Pinyin Input,77615,22292,9985,4415,18402
Google Play Books,642503,200961,130070,64519,181313
Google Play Games,2397194,465295,283188,136871,455176
Google Play Movies &amp; TV,310841,94065,67420,34336,135685
Google Play Music,1270414,402068,253766,129678,326076
Google Play Newsstand,338221,117567,72232,30265,93495
Google Sheets,184081,78723,30535,11912,18190
Google Slides,87617,33975,15933,7020,12134
Google Street View,1154312,357310,158948,52555,167379
Google TalkBack,535270,160285,99826,38715,119412
Google Text-to-speech,470525,136746,78604,30141,96884
Google Translate,3014173,762138,335541,151037,239537
Google+,1833452,502392,254512,101221,265926
Google,2871948,731024,297195,108683,253279
GPS Navigation &amp; Maps Sygic,717623,185798,64530,29741,75722
GPS Navigation,298671,97250,41349,19633,46452
Grab,243334,58329,24772,8811,17336
Grand Gangsters 3D,128826,29275,23615,10073,22717
Green Farm 3,334043,82731,48282,23621,50954
Greenify,157249,38188,14192,6014,10456
GroupMe,151828,61574,11832,3748,6984
Groupon - Shop Deals &amp; Coupons,743738,236111,50963,17436,29291
GSN Casino: Free Slot Games,163569,47384,19828,8111,15486
GT Racing 2: The Real Car Exp,1110726,227220,103126,50792,120394
Guess The Song - Music Quiz,237854,72845,38591,16856,30323
Guitar Tuner Free - GuitarTuna,559049,71718,14694,5711,11846
Gummy Drop!,193735,58834,26076,12766,22084
Gun Fu: Stickman 2,142099,34191,19500,9186,18252
Gun Shoot War,198057,56730,43251,22430,42507
Guncrafter,143453,26306,15232,7857,22410
Guns,353355,70783,45181,25481,53647
GUNSHIP BATTLE: Helicopter 3D,1190537,305416,141617,67545,127096
Gunship Strike 3D,148571,39701,25786,9603,16671
Guvera Music,141908,49352,30452,12966,30102
Hair Salon - Kids Games,215287,54156,45709,29246,66573
Hangouts,1186130,386515,257305,114082,300577
happn,470309,87774,47948,12344,24168
Happy Jump,226424,49939,28831,15014,26305
Hardest Game Ever 2,306763,63485,40433,24545,64973
Hay Day,5713109,1043434,450159,220259,450075
HD Camera for Android,167612,62583,35558,14144,25138
HD Camera Ultra,290616,75622,37250,15981,31324
HD Video Downloader,182945,52279,35963,19520,80693
HD Video Player,191565,63556,31097,13347,27317
Head Soccer La Liga 2017,394871,69762,29925,14212,41235
Head Soccer,956492,177665,91297,45783,128367
Hearthstone Heroes of Warcraft,839866,112637,46844,26363,106205
Hello English: Learn English,270517,64889,20319,7857,10972
HERE WeGo - City Navigation,214774,60573,18094,8578,15627
Heroes Charge,304548,62194,25511,12938,32603
Heroes of Order &amp; Chaos,430712,68895,39000,20430,69379
Hide Pictures Keep Safe Vault,1246273,212912,59947,23747,65395
HiFont - Cool Font Text Free,363678,105931,52584,20120,49702
High School Story,369318,75340,44722,24770,50869
High-Powered Flashlight,279215,54604,21447,9470,17697
Highway Rider,217086,50242,27487,14303,29573
Highway Traffic Rider,161428,39162,18997,6987,16281
hike messenger,1226499,470024,165141,61174,91830
Hill Climb Racing,5250672,1133275,488625,229394,405349
Hitap Keyboard emoji keyboard,121861,36047,30527,9773,12707
Hola Free VPN Proxy,341501,48416,24915,12113,35860
"Hola Launcher- Theme,Wallpaper",2280627,459278,195669,67837,152294
Horoscope,272915,82587,27106,4778,6302
Hot or Not,165226,40399,26927,13008,31095
Hotspot Shield Free VPN Proxy,529630,114734,62062,29289,92718
Hotstar TV Movies Live Cricket,667668,277157,117784,51437,98989
House of Fun-Free Casino Slots,361918,90040,34768,10330,19955
Houzz Interior Design Ideas,208839,54715,10283,3578,5874
HP Print Service Plugin,442478,166844,52085,17092,56739
Hulu: Watch TV &amp; Stream Movies,144600,40654,19384,11041,29406
Hungama Music - Songs &amp; Videos,168036,63603,30397,13465,24424
Hungry Shark Evolution,3286277,563516,259385,126301,265279
Hungry Shark World,398886,62976,29344,13856,39627
iBeer FREE - Drink beer now!,230413,56779,43947,26843,70361
Ice Age Adventures,819338,210458,101414,48212,87171
Ice Age Village,1235496,246117,114054,52410,123330
icon wallpaper dressup‚ù§CocoPPa,351331,72115,40160,20042,44264
icq video calls &amp; chat,386783,88009,42013,17747,37359
iFunny :),284248,45929,20823,11236,28864
iGun Pro -The Original Gun App,135908,27022,17344,10222,24080
iHeartRadio Free Music &amp; Radio,1120802,212077,46629,18348,34877
"iKeyboard - emoji, emoticons",413889,83768,40699,15973,27552
IMDb Movies &amp; TV,283431,94563,32847,13528,34247
imo beta free calls and text,188356,46676,30123,14320,25369
imo free video calls and chat,1755367,505129,285466,121169,186428
Inbox by Gmail,218359,82227,33197,14605,23780
Indeed Job Search,255615,100657,48461,19989,30204
Ingress,243940,59008,26496,12825,30812
Injustice: Gods Among Us,1618101,254890,107913,57755,157516
Inside Out Thought Bubbles,367482,81542,33170,16517,29138
Insta Square Size - No Crop,186462,55150,29386,12466,18228
InstaFace :  face morphing,144905,37571,25458,14441,23804
Instagram,28234912,6846899,2227761,791079,1518263
"InstaMessage-Chat,meet,hangout",376705,84070,46452,16412,28280
Instant Heart Rate,162114,64857,21876,8105,16553
InstaSize- Photo Editor,396187,116889,56915,22990,36493
Into the Dead,801094,198780,86809,36291,70344
iStunt 2,175865,41280,23391,13166,26531
Ita√∫,320050,95021,35509,18844,35258
ivi ‚Äî —Ñ–∏–ª—å–º—ã –∏ —Å–µ—Ä–∏–∞–ª—ã –≤ HD,376048,64330,23200,11252,35891
Jackpot Party Casino Slots 777,196559,58804,22320,8882,19961
JAUMO Flirt Chat,323456,81501,35153,12201,30108
Jelly Blast,563845,104816,39305,12553,19333
Jelly Jump,269834,68835,38663,18285,35604
Jelly Splash - Line Match 3,347080,112565,53895,23656,38873
Jetpack Joyride,2716272,538490,269483,134072,261130
Jewel Mania‚Ñ¢,108658,34440,24233,13268,28478
Jewels Legend,151651,39171,11614,4492,6718
Jewels Saga,482769,108513,41031,20931,30776
Jewels Star,530502,137347,43834,16391,24699
Jigty Jigsaw Puzzles,434366,80979,49053,28004,53947
JOOX Music - Live Now!,1281769,340935,109869,29804,43348
Juice Cubes,188071,53668,29578,15597,25552
Juice Jam,182054,44836,17184,6968,13466
JuiceDefender - battery saver,175634,68109,18450,6252,11746
Jungle Heat: War of Clans,564691,89180,43393,21454,57684
Jurassic Park‚Ñ¢ Builder,489578,107417,54574,30928,83999
Jurassic World‚Ñ¢: The Game,434288,105762,46288,25636,87788
Just Dance Now,360459,60313,35375,21105,56296
Kaave - Coffee Cup Readings,402926,89662,43055,13193,28962
KakaoStory,247024,70789,56754,30997,113528
KakaoTalk: Free Calls &amp; Text,1504100,353083,187825,77552,197628
Kamus Inggris (Kamusku),156446,53932,25377,10237,12946
Karaoke Sing &amp; Record,402277,118792,64849,25432,59589
Kaspersky Antivirus &amp; Security,1236091,184626,44822,17728,37221
"Keyboard - Emoji, Emoticons",161344,49353,30870,13665,23711
Keypad Lock Screen,184609,38165,26481,13844,30506
Kids Doodle - Color &amp; Draw,220556,55978,33846,21886,38821
Kik,1480663,325553,188028,81662,165470
Kika Emoji Keyboard Pro + GIFs,648042,138278,66213,22961,43643
"Kika Keyboard - Emoji, GIFs",1018722,238201,145507,52377,89108
Kill Shot Bravo,258864,65679,23268,8426,22986
Kill Shot,468116,182941,63580,22801,45238
KIM KARDASHIAN: HOLLYWOOD,586523,136894,68005,29230,61235
KineMaster ‚Äì Pro Video Editor,184581,39591,19833,9671,23100
King of Thieves,621083,101346,40497,19774,48749
Kitchen Scramble: Cooking Game,168206,47972,33185,19647,41518
Kite Fighting,376031,46989,28783,15428,37949
Kiwi,292983,76755,43748,16413,38360
KKBOX- Let‚Äôs music !,179037,52666,25747,12077,30423
"KMPlayer (Play, HD, Video)",143103,44040,20765,10065,22172
Knights &amp; Dragons - Action RPG,307670,68644,24525,9892,26768
Koi Free Live Wallpaper,173400,46874,23108,12753,21187
Kritika: The White Knights,497965,107020,51695,25435,74229
Kung Fu Do Fighting,122890,34590,25985,15043,27930
Lara Croft: Relic Run,254842,56711,29863,16227,37182
Laser Pointer X2 Simulator,225395,25356,29200,17659,140671
Last Empire-War Z,387298,68835,46371,20839,61755
Launcher 8 WP style,274889,72035,29815,12101,22133
LauncherPro,192621,46160,15357,4991,10808
Layout from Instagram: Collage,340545,115091,58640,20708,27203
Lazada - Shopping &amp; Deals,371692,134247,70236,24449,44833
League of Stickman Free shadow,185272,33774,17690,7449,16709
LEGO¬Æ City My City,502119,84516,66204,47116,123739
LEGO¬Æ Juniors Create &amp; Cruise,273090,50577,38280,29639,63775
LEGO¬Æ Juniors Quest,259182,49479,39629,29754,66849
LEGO¬Æ Ninjago‚Ñ¢ Tournament,419164,47573,32976,21320,57191
LEGO¬Æ Speedorz‚Ñ¢,174575,31237,22799,17203,40857
LEGO¬Æ Star Wars‚Ñ¢ Yoda II,206695,42427,31364,21922,46624
LEGO¬Æ STAR WARS‚Ñ¢,189292,41922,29426,18179,36236
"LEO Privacy-Applock,Hide,Safe",955219,265770,137971,45942,94616
Lep's World 2 üçÄüçÄ,294054,63783,41543,22367,44528
Lep's World 3 üçÄüçÄüçÄ,365390,72553,46560,27613,53433
Lep's World üçÄ,298486,67645,42138,23494,43834
Let's Create! Pottery Lite,297897,59196,31915,16395,30204
Let's Fish: Sport Fishing Game,336328,98576,32832,9378,23797
letgo: Buy &amp; Sell Used Stuff,277768,74954,26212,8130,21100
Letras.mus.br,267286,52714,24598,10504,12803
LINE Bubble 2,226615,105292,53914,12554,20478
LINE Bubble!,149261,61019,42668,13984,28847
LINE Camera: Animated Stickers,848314,250328,127836,53867,83811
LINE Cookie Run,2392613,596440,286288,103434,223878
LINE Launcher,444258,104190,43129,16472,28581
LINE Let's Get Rich,2258392,512618,241497,117731,277572
LINE PLAY - Your Avatar World,366034,111756,71725,32127,71967
LINE Pokopang,645361,256124,133358,36792,67232
LINE POP,128877,48320,31853,13635,33720
LINE Rangers,1197424,268529,143968,49753,107876
LINE WEBTOON - Free Comics,368360,87416,45884,14018,21425
LINE WIND runner,363391,157075,94292,20512,43432
LINE: Disney Tsum Tsum,283913,95175,41514,18643,38475
LINE: Free Calls &amp; Messages,5075063,1471464,791147,365944,727122
LINEÔºö„Éá„Ç£„Ç∫„Éã„Éº „ÉÑ„É†„ÉÑ„É†,472705,274406,124042,33020,51432
LINK - with people nearby,144274,33404,20691,8426,20400
Link2SD,207728,46718,21341,10963,26044
LinkedIn,509067,288791,100415,30700,47014
Lipix - Photo Collage &amp; Editor,225103,76974,37579,17477,26523
Little Big City,338036,79015,44964,22504,44923
Little Commander - WWII TD,300410,74654,30217,12380,23302
Little Ear Doctor,102486,31215,23510,17873,39281
Littlest Pet Shop,479397,74237,45329,28913,70220
Live Hold‚Äôem Pro Poker Games,853007,167939,43212,12404,32641
LiveScore,164326,45543,16091,7118,10858
Locker Master- DIY Lock Screen,427923,75936,29584,11481,22324
Logo Quiz,696686,235183,93933,33050,51525
Lookout Security &amp; Antivirus,621552,163773,53110,20640,44418
Looney Tunes Dash!,765799,180562,96026,51794,96416
Lords Mobile,544779,82736,27925,8502,31186
LOVOO - Chat &amp; Dating App,382112,139624,62697,27947,77408
Mad Skills Motocross 2,214271,61788,36452,18843,33872
Madden NFL Mobile,785223,141947,56015,30154,75725
Magic Piano by Smule,531586,129102,89955,49459,101833
Magic Rush: Heroes,605881,108330,45185,18540,49514
Magisto Video Editor &amp; Maker,608699,130628,56968,27233,67269
Mail.Ru - Email App,465489,81055,23316,12282,24027
Major Mayhem,328162,57145,17677,8022,14858
MakeMyTrip-Flights Hotel IRCTC,175722,95586,26568,8701,22479
MakeupPlus - Makeup Camera,312621,80755,33395,10735,15678
AirDroid: File Transfer/Manage,354842,73065,23545,10248,20900
Manuganu,194002,40481,21007,10745,19092
MapFactor GPS Navigation Maps,532075,211006,47230,11984,26215
Maps - Navigation &amp; Transit,4377011,1322994,498473,184128,425344
Maps for Minecraft PE MineMaps,217685,30036,18230,11102,32303
Maps for Minecraft PE,288362,38457,22550,12211,32734
MAPS.ME ‚Äì Map &amp; GPS Navigation,435533,114255,40285,14196,25733
Marble Legend,276257,102663,60389,30040,47637
MARVEL Contest of Champions,1153357,243708,111961,56674,142961
MARVEL Future Fight,1277799,218951,72039,29162,75981
Masha and the Bear Child Games,137373,28573,21270,12046,25784
Master for Minecraft-Launcher,1195940,107662,52389,23963,67532
Matches Puzzle Game,295041,88253,32327,13093,23030
Math Tricks,176030,47624,16725,6397,9912
Maxthon Web Browser - Fast,191201,43326,16688,7631,12894
Maze King,153255,53173,43568,23057,46674
mCent - Free Mobile Recharge,389995,99484,52813,25749,67924
MeetMe: Chat &amp; Meet New People,581793,198599,108470,37400,73586
Megapolis,716995,189242,88041,36089,84110
Meitu,211033,66900,19809,5785,10175
Meme Generator Free,168212,44375,18335,6741,11584
MeowChat,115214,40670,31568,15269,34474
Mercado Libre,859062,209871,73761,24257,37870
Messenger,194560,73589,35998,15927,21973
METAL SLUG DEFENSE,374919,106582,60799,29333,72295
Mico - Meet New People &amp; Chat,338779,63250,40776,16221,36489
Microsoft Excel,243126,84790,22244,7341,13519
Microsoft Office Mobile,256519,102954,51081,23321,47306
Microsoft OneDrive,449321,152157,43943,15814,28343
Microsoft Outlook,473436,265340,121445,60781,142448
Microsoft PowerPoint,140493,41897,13695,4994,10700
Microsoft Word,452202,147895,43254,14329,30279
Mike V: Skateboard Party Lite,188559,38731,24618,13706,27167
Minecraft: Pocket Edition,1241627,170758,81999,42686,104630
MiniMovie-Slideshow Video Edit,325046,76795,26635,7977,15669
Minions Paradise‚Ñ¢,501036,103951,55805,28284,60475
Mirror Image - Photo Editor,276990,73676,41682,18940,28559
Mirror Photo:Editor&amp;Collage,206562,66895,42777,22448,29981
Mirror,197680,71931,32491,12632,30232
Mission Impossible RogueNation,212261,50177,24373,11439,28769
Mmm Fingers,170226,48603,25139,11791,20995
MMX Racing,214176,48665,23901,12456,32820
Mobile Security &amp; Antivirus,3253913,736050,238151,93720,147413
Mobile Strike,347819,64038,45140,22472,99893
Mobizen for SAMSUNG,357059,50351,32301,15441,46424
Mobizen Screen Recorder,476668,71744,51149,27498,96097
"Moco - Chat, Meet People",156215,50811,31008,9594,20168
Modern Combat 5: Blackout,1192030,209120,113139,63407,194093
Modern Sniper,547445,158790,90073,40567,72540
MomentCam Cartoons &amp; Stickers,710687,196707,108074,50373,94813
Moments,501893,158678,70716,19015,46735
Monster Dash,232558,59391,43036,25026,55529
Monster Legends,1174057,191545,80664,38335,84416
Monster Truck Destruction‚Ñ¢,136681,32270,21772,13766,28541
Monster Warlord,284708,67574,28609,11242,31991
Moon+ Reader,145040,45097,13110,5101,9802
MORTAL KOMBAT X,1547731,202684,95697,51418,161866
MOTO LOKO HD,124946,32610,29403,15976,38641
Moto Racer 3D,147273,43843,38154,19417,39944
Moto X Mayhem Free,138356,32028,19959,10808,29355
MOTOCROSS MELTDOWN,121336,30932,19533,11514,28765
Motorola Alert,11907,3739,1967,648,1480
Motorola Assist,19623,7160,3745,1956,2811
Motorola Camera,85630,31798,18769,11881,33253
Motorola FM Radio,22175,8078,5319,3136,4723
Motorola Gallery,57380,18809,9287,5322,15997
Motorola Migrate,42329,11146,4756,2464,6067
Mountain Sniper Shooting 3D,138717,35988,31473,18565,56407
Mouse,378869,200078,75586,12277,11493
Move app to SD card,177214,47123,22749,10799,43141
Movies by Flixster,445805,113205,22816,8808,21358
MovieStarPlanet,515699,84724,62534,31115,85306
Moy 2 üêô Virtual Pet Game,288816,52397,36813,25291,45651
Moy 3 üêô Virtual Pet Game,365625,62531,39334,25240,48946
Moy 4 üêô Virtual Pet Game,260672,36342,20619,12181,23998
Moy üêô Virtual Pet Game,266363,54949,37954,24425,53689
MP3 Cutter and Ringtone Maker‚ô´,331274,122903,47241,18182,30581
MP3 Cutter,268111,78400,23823,6924,15024
MP3 Player,128641,50598,21392,6626,14282
MSQRD,442448,101749,54640,24328,47621
Music Hero,223889,59826,34774,16446,30873
Music Player - Audio Player,500175,159955,72482,29539,67326
Music Player,118759,34464,20108,11071,30196
Music Volume EQ,342223,82034,44906,24205,49436
Music,103668,31666,19231,12016,24776
musical.ly,779982,110289,71319,36657,87097
Musixmatch - Lyrics &amp; Music,1029598,285878,97515,35295,54321
Muslim Pro: Prayer Times Quran,505940,88594,25647,9749,15130
MX Player Codec (ARMv6 VFP),278920,69530,29469,13782,23827
MX Player Codec (ARMv7 NEON),162736,38886,19086,9896,21973
MX Player Codec (ARMv7),199107,52337,23041,11751,22571
MX Player,2633391,655796,250156,117530,198821
"My Airtel: Recharge, Pay Bills",308254,103201,38433,17822,42258
My Boo - Your Virtual Pet Game,497921,83403,47517,27131,52748
My Boy! Free - GBA Emulator,306341,68413,30178,14575,36790
Diary with lock,287558,50307,22068,11036,26198
My Dolphin Show,468457,45505,25192,15820,33043
My Horoscope,265893,60108,23813,6807,11463
My Horse,859839,219242,74985,21097,49449
MY LITTLE PONY,789481,107329,62253,38180,94522
My Piano,164804,37332,24932,14604,30112
My Singing Monsters,596084,93957,39408,18450,39454
My Talking Angela,4462383,568401,321220,187560,412466
My Talking Tom,8254665,1191857,632671,351785,675996
My Verizon,92723,41689,17413,7864,31752
MyASUS - Service Center,178945,56853,21709,5286,11006
MyCalendar,595285,190820,78379,16845,27573
MyJio,385381,81561,30393,15638,47112
Myntra Online Shopping App,303085,146090,55338,21574,48368
MyScript Calculator,200173,49234,18010,7589,12234
myVEGAS Slots - Free Casino,361579,114860,38971,11355,22938
MyVodafone (India),250365,119863,49936,21299,47077
N.O.V.A. 3: Freedom Edition,1091075,146490,60671,29740,81581
n7player Music Player,206723,54990,15657,6246,11475
NBA LIVE Mobile Basketball,435026,78712,29324,13575,45388
Nebulous,435623,58253,29527,14466,43117
Need for Speed‚Ñ¢ No Limits,1232109,239392,104800,52722,147864
Nemo's Reef,236062,64165,38137,21445,48539
Netflix,2315906,452885,166499,81636,213772
New Star Soccer,1198434,207837,65031,20982,62951
News by The Times of India,226976,155812,40058,11172,19155
News Republic ‚Äì Breaking news,201751,91182,15798,5549,14642
Next Launcher 3D Shell Lite,393467,83969,35907,15198,30774
NFL Mobile,208464,74397,20444,10256,44400
NhacCuaTui,218507,50791,22465,10808,22942
Nike+ Run Club,339743,100876,28932,14329,30408
Ninja Chicken,154208,39076,16202,6724,11896
Ninja Revenge,185164,64751,39201,17693,29988
NinJump,252758,65149,33576,15441,27633
Nitro Nation Online,606841,115134,49541,23760,55447
No Crop &amp; Square for Instagram,500318,105615,36558,11585,17362
Norton Security and Antivirus,555481,194801,49076,13192,23471
Nova Launcher,671077,136016,42379,17034,29852
NQ Mobile Security &amp; Antivirus,261450,64195,27055,10643,21127
OfferUp - Buy. Sell. Offer Up,239172,59608,11995,3271,6559
OfficeSuite + PDF Editor,443983,185073,65995,23426,43423
Offroad Legends,205746,57279,28207,13405,22298
OK.RU,1163667,219670,94799,55818,118301
OkCupid Dating,123355,68601,21713,8020,16512
Okey Plus,942638,31519,16087,8849,35416
Okey,234709,46257,26830,15360,33874
Ola cabs - Book taxi in India,258183,111548,51060,21704,55438
OLX - Jual Beli Online,423935,162368,59714,20907,36647
OLX Brasil - Comprar e Vender,270310,77767,42943,22068,52774
OLX,616900,222429,107127,43443,77265
OLX: Buy &amp; Sell near you,402133,157708,55721,21572,45179
Omni Swipe - Small and Quick,2240734,448137,177347,62141,117465
Onavo Count - Data Usage,237506,75820,36730,15498,28231
One touch Drawing,131836,40693,21708,9594,15450
OneNote,86941,36192,17105,8412,16338
Online Head Ball,663957,52948,21098,11300,72099
Online RPG AVABEL [Action],237501,57716,31281,13079,38868
Online Soccer Manager (OSM),557631,101957,42140,19699,63220
"ooVoo Video Call, Text &amp; Voice",760311,169486,87674,35170,70131
Opera browser - news &amp; search,1355795,375717,149913,63169,123480
Opera Max - Data manager,156522,53051,25055,7443,11047
Opera Mini web browser,1365104,417990,167370,57432,96173
Oxford Dictionary of English,120175,49832,26832,13892,26986
PAC-MAN 256 - Endless Maze,190362,48971,19011,7588,16533
Palco MP3,866793,218705,152997,69929,147669
Panda Pop,452800,117000,49888,21628,37934
Pandora¬Æ Radio,1786336,406082,149906,73406,152066
Papa Pear Saga,615891,187648,101974,50346,81886
Paper Toss 2.0,142554,47575,21944,9292,15964
Paper Toss,247385,85325,53366,25535,48964
Paperama,1502764,488827,194775,55252,88685
Paradise Bay,187953,60686,36137,17693,36561
Paradise Island,712591,170328,56070,12249,23855
Parallel SpaceÔºçMulti Accounts,821778,157255,63439,20508,33338
Path,898865,258878,102787,37970,60756
Payback 2 - The Battle Sandbox,145578,26201,18950,11277,32656
PayPal,306654,81467,28701,13641,36011
PBA¬Æ Bowling Challenge,144639,43434,16364,7536,14349
Pedometer &amp; Weight Loss Coach,171221,62289,13649,3580,5877
Peel Smart Remote TV Guide,335349,99110,34674,11718,30822
Peel Smart Remote,183754,62148,18244,6817,19505
Pencil Sketch,113310,43007,28681,13747,26733
PEPI Skate 3D,236567,65171,55519,32748,82776
Perfect Kick,455510,81357,38213,18332,44218
Perfect Piano,442552,116140,65622,36311,67111
Perfect365: One-Tap Makeover,457158,129060,65595,29528,53800
"Period Tracker, My Calendar",2980788,493607,101863,28872,40563
Period Tracker,186434,60159,17151,6525,8671
Periscope - Live Video,193174,53117,34502,17105,45565
PES COLLECTION,124734,34432,24227,14049,48230
Pet Rescue Saga,1793087,468918,239802,112017,182595
Pet Shop Story‚Ñ¢,208811,37932,26467,15307,36078
"PhoneDeco _ wallpapers, theme",365524,78076,33809,10236,30734
Phonto - Text on Photos,149071,41935,21220,9349,15925
Photo Collage - InstaMag,305898,98215,42435,16701,24947
Photo Collage - Layout Editor,145178,46964,16790,3654,5505
Photo Collage Editor,547291,185896,101176,43509,69283
Photo Collage Maker,433995,131533,57446,27244,41840
FotoRus - Photo Editor,793045,198177,81393,31359,47975
Photo editor - My Fake Look,149208,44804,31322,17934,36391
Photo Editor by Aviary,1000236,259131,101059,40453,60813
Photo Editor Collage Maker Pro,451163,125026,57648,19102,33955
Photo Editor Color Effect,178515,50976,29613,13389,24506
Photo Editor Lidow  Snap pic,265787,48546,22123,8680,11811
Photo Editor Pro - Effects,146707,40373,24068,12093,24597
Photo Editor Pro,1063563,291920,152211,64294,117829
Photo Editor,191147,58382,29329,14387,24041
Photo Effects Pro,924392,273940,119459,43994,73486
Photo Grid:Photo Collage Maker,4446989,1004163,347586,123584,187055
Photo Lab Picture Editor FX üéÉ,541442,151561,50751,18314,35176
Photo Studio,248579,85810,42627,18308,29101
Photo Warp,158898,43762,34344,22910,56165
Photo Wonder ‚Äì Photo Editor,416030,108783,54367,23659,45642
PhotoDirector Photo Editor App,199112,50285,14278,5014,8129
PhotoFunia,185614,54151,24322,11187,16614
Piano +,452585,98488,43376,21190,40544
Piano Tiles 2‚Ñ¢(Don't Tap...2),4575406,488656,182384,77090,176272
Piano Tiles,161017,35768,22446,11669,35031
Pic Collage,897661,180136,64576,24351,39115
PicsArt Photo Studio,3731910,876269,355950,146230,235583
PicSay - Photo Editor,128973,42020,20994,8290,11933
Picture Quiz: Logos,154883,63349,27380,12182,20195
Pinball Pro,138375,49945,32324,16191,24189
Pinterest,1727430,413866,105425,41202,67337
PIP Camera-Photo Editor Pro,617543,151441,76768,32549,48575
Pirate Kings,765049,145877,73107,39363,92948
Pirate Treasures,209450,40946,17442,9110,21998
Pixel Gun 3D (Pocket Edition),1728166,209058,118816,63478,179878
Pixlr ‚Äì Free Photo Editor,712556,188733,77252,33361,49037
Plague Inc.,1755614,417647,142750,51731,100540
Planet of Cubes Survival Games,256961,46356,37327,23249,72427
Plants vs. Zombies 2,3024041,539797,250355,124567,279114
Plants vs. Zombies FREE,1920063,358716,175749,87445,179328
Plants vs. Zombies‚Ñ¢ 2,320726,68665,31297,15735,32937
PlayerPro Music Player Trial,382828,67725,23045,9416,17791
PlayStation¬ÆApp,299906,80019,41731,19541,42846
Plumber,165533,59081,32507,16292,29956
Pocket,176973,45197,11893,5000,7649
PocketInvEditor,368326,48797,29008,17556,46547
POF Free Dating App,475286,216247,106007,22476,50011
Pok√©mon GO,4354601,856611,528961,285260,983386
Polaris Office + PDF,267332,98490,36385,14188,25554
Pool Billiards Pro,728378,237395,129330,63173,99963
Pou,6420306,1210342,695023,357882,699989
Power Battery - Battery Saver,246620,56997,27227,8111,14559
Power Clean - Optimize Cleaner,1049874,235997,84759,23336,37809
Poweramp Music Player (Trial),793996,153877,62332,29109,59536
Powerboat Racing 3D,320525,85899,63187,37145,70199
PPSSPP - PSP emulator,445691,88983,56014,26280,67419
Pregnancy &amp; Baby Daily Tracker,262321,67210,11998,4187,6863
Premium Wallpapers HD,276749,72760,30514,15064,25671
Princess Nail Salon,147548,36351,29698,20750,46644
Prisma,405159,124335,59564,25919,52984
Prize Claw,224662,56979,38150,21494,47934
Psiphon,440746,84530,52709,27380,60530
Public Transport Simulator,144680,28650,16202,8091,19815
Puffin Web Browser,226243,42782,23550,11019,30975
Punch Boxing 3D,516361,125153,69565,29829,57942
Punch Hero,369357,82127,34305,12632,29706
Pyramid Solitaire Saga,532275,200931,63063,20310,28294
QR Code Reader,150282,39359,11559,3839,12616
QR Code Scan &amp; Barcode Scanner,190739,63216,22315,8848,27526
QR Droid Code Scanner,197289,69692,34461,15038,28620
QuickPic Gallery,541028,87197,25877,10315,20649
Quikr Free Local Classifieds,288895,118569,52234,19804,38534
Quizduell,171203,70536,29826,12884,23128
QuizUp,404482,135211,45902,19864,36017
Race the Traffic Moto,132142,38605,31634,18557,39700
Race the Traffic,130098,38115,28306,15526,28323
Racing Fever,753755,156501,62078,21611,40788
Racing in Car,834837,145274,89366,30797,64338
Racing Moto,359430,120109,53297,21433,32519
Racing Rivals,467472,110234,77232,45148,122237
Radio FM,175716,68093,26497,10978,24753
Radio Online - PCRADIO,498645,81484,19340,7828,17128
Raging Thunder 2 - FREE,461948,109868,48836,21064,45786
Rail Rush,486150,119006,68066,36416,69846
Rally Racer Dirt,290753,82509,46245,19057,39524
Rally Racer Drift,214199,69247,47404,24090,46641
RAR,367973,87786,37423,15813,31350
Rayman Adventures,240072,38158,14222,6524,16744
RE-VOLT 2 : Best RC 3D Racing,235124,63649,34412,16283,39147
RE-VOLT 2 : MULTIPLAYER,261802,65726,32774,14349,31258
Real Basketball,1142942,245329,100871,30129,59997
Real Boxing,254097,61623,31318,16106,43365
Real City Car Driver 3D,122308,25330,24071,17425,67714
Real Cricket ‚Ñ¢ 16,235070,79129,37099,17319,34501
Real Drift Car Racing Free,297651,58289,32667,16387,33132
Real Drum,411393,101858,51166,23299,41116
Real Estate &amp; Rentals - Zillow,204293,97149,19941,5931,8696
Real Football 2012,1009117,194225,93906,43044,107370
Real Football 2013,549982,119643,65740,31044,88738
Real Guitar - Free Guitar Game,218817,55843,36080,18821,39705
Real Racing  3,2781388,495181,211929,105172,308243
Real Racing 3,190444,39832,14796,7727,18950
Real Steel Boxing Champions,234664,38970,22141,12095,30132
Real Steel World Robot Boxing,1345297,221377,107308,56371,126308
RealPlayer¬Æ,145543,40014,19249,7876,16026
"Recharge, Bill Pay &amp; Wallet",1030335,417144,109163,39172,81620
"Recharge, Bill Payment, Wallet",467475,179476,53236,22885,53181
"Recharge, Bills, Wallet, Bus",298053,108049,35416,14972,42549
Red Ball 4,543997,116863,60425,28776,66663
Redline Rush,171652,42400,24146,13371,24794
Respawnables,800045,123046,61071,33343,95492
Restaurant Story‚Ñ¢,280718,63860,35240,16696,39651
Retrica,3767566,801822,447668,214572,378731
Reverse Movie FX - magic video,368403,48703,19197,8782,19673
Ringdroid,214771,50387,21327,10067,19384
Ringtone Maker,238015,67996,31611,14945,29171
Rio 2016 Olympic Games,139171,27058,13618,6347,25647
Rivals at War,140575,34268,20127,11319,31634
Road Riot,268843,42605,22710,13793,25733
Road Smash: Crazy Racing!,181287,44498,32264,18977,40223
ROBLOX,622735,71150,54099,29531,105921
RoboCop‚Ñ¢,695428,164898,86467,43126,93993
Robot Unicorn Attack 2,179753,44964,22132,10920,18410
Rock Hero,250271,72803,67088,40505,102247
Rocket Player : Music Player,173009,54397,20745,8803,15321
Roll the Ball‚Ñ¢ - slide puzzle,304047,101895,40913,14122,25119
Rolling Sky,309209,41950,20413,9918,30001
ROM Manager,164879,32548,13273,6209,18999
Root Checker,170626,32845,18152,9042,30248
Rounds Free Video Chat &amp; Calls,227189,59304,35588,16588,25757
Run,302659,66095,34714,17541,34712
Runkeeper - GPS Track Run Walk,278937,104227,21618,10002,14346
Running Fred,152397,25000,14605,8288,20295
Runtastic Running &amp; Fitness,432327,134346,30011,12006,21983
Ruzzle Free,178128,73249,26410,10668,20815
S Health,114071,41117,16253,7991,18416
Saavn Music &amp; Radio,371801,168746,69969,27175,45988
sahibinden.com,227026,49921,20625,8962,27871
Samsung Internet for Android,24284,6136,3148,1537,7255
Samsung Music,38773,9126,5257,3325,10097
Samsung Print Service Plugin,121398,27385,16014,6653,24296
Samsung Push Service,308946,73760,44232,19981,62866
Samsung Security Policy Update,60778,13278,7116,2496,13548
Samsung Voice Recorder,8251,1864,901,372,1390
San Andreas Crime City,127990,19503,20650,12924,58749
San Andreas: Real Gangsters 3D,111930,21502,21419,12333,44031
Santa Biblia Reina Valera,405009,40596,9025,4887,7454
"SayHi Chat, Love, Meet, Dating",228220,38049,27212,12412,36077
School Driving 3D,318631,66223,39319,22164,52327
School of Dragons,241911,37439,28034,18745,62599
Score! Hero,2305250,450469,113431,32193,80075
Score! World Goals,837815,167452,68900,30974,69171
Screen Lock - with Simulator,151639,44758,28568,19256,58031
Screenshot Easy,248523,53342,24107,10783,29649
Screenshot,267314,59013,24233,10838,30547
Scribd - A World of Books,218702,77086,25829,9145,19984
Sea Battle 2,258908,57703,17076,6086,12860
Sea Battle,387811,94113,35144,15239,25985
Security &amp; Power Booster ‚ÄìFree,290403,92878,29609,11942,23665
Makeup Selfie Cam- InstaBeauty,231560,67427,40148,17069,31099
Shadow Fight 2,6014000,651369,264559,141210,352166
SHADOWGUN: DeadZone,450950,83690,36884,16434,43514
ShareCloud - Share By 1-Click,240927,52930,32788,12998,27094
SHAREit - Transfer &amp; Share,1934959,372596,148784,67414,106255
Shazam,1931619,472511,181805,79779,167122
Shipwreck Magical Water World,205328,44177,23179,9329,19383
Shoot Bubble Deluxe,442223,155150,93838,52024,82371
ShopClues: Online Shopping App,132984,55622,30509,12408,33525
Shopfully - Weekly Ads &amp; Deals,142488,60772,18106,4837,7390
Shpock boot sale &amp; classifieds,143511,44781,17436,7291,15813
SimCity BuildIt,1786584,513387,193695,73483,140378
SimpleCraft 2,133682,24612,23432,14862,67911
SimSimi,1078973,226339,130580,44250,154500
Sing! Karaoke by Smule,833137,215869,156260,68676,156415
Six-Guns: Gang Showdown,1240642,212771,103917,50339,123204
Skater Boy,690894,145945,84724,46872,86131
Sketch Guru,198729,73937,31455,13136,19889
Sketch,60132,14075,6851,2739,6236
Ski Safari 2,204491,39813,16987,7730,15535
Skin Editor for Minecraft,168753,25438,14367,7252,21866
Skins for Minecraft PE,147240,22138,14707,9224,27420
"SKOUT - Meet, Chat, Friend",593715,150479,94982,33696,70233
Sky Map,317595,78359,26077,10628,16611
Sky Whale,235003,23052,14646,9482,34723
Skype - free IM &amp; video calls,5589266,1553505,836203,408256,892255
"Skyscanner Flights, Hotel, Car",182453,63651,14370,5674,10778
Slacker Radio,194884,63763,17730,8593,26138
Sleep as Android,142955,42428,15898,7971,14376
Slice It!,217275,41617,12845,5196,14991
Slideshow Maker,280228,62867,26478,12450,20764
slither.io,1909826,331473,202181,96311,282427
Slot Machines by IGG,220833,17212,8750,4063,14746
Slotomania Slots,633663,182776,69172,23909,51079
Slots - Pharaoh's Way,187687,42738,15651,6715,12998
Slots 777 Casino - Dragonplay‚Ñ¢,281468,76394,30490,9776,20302
Smart Compass,127084,69207,24902,9060,14712
Smart Connect,99550,31865,16114,6101,14626
Smart Launcher 3,321207,80869,32560,14634,24649
Smart Voice Recorder,246641,80083,24567,10764,17989
Smash Hit,2368439,541825,231956,97894,164580
Smashy Road: Wanted,288013,64154,31354,15646,40157
Smurfs' Village,643420,87641,44362,24044,61423
Snapchat,5195322,1296343,910093,513864,1270278
Snapdeal: Online Shopping App,620985,272891,106906,41565,104683
Snapseed,333640,89449,33570,13626,19374
Sniper 3D Assassin Gun Shooter,2312195,351596,139731,57028,121544
Sniper Fury: best shooter game,281167,71210,33176,14091,39946
Sniper Shoot War 3D,133289,39878,30580,15047,27622
Sniper Shooter Free - Fun Game,585867,85192,37449,15705,36574
"SNOW - Selfie, Motion sticker",172770,37871,27626,14305,35468
Soccer Kicks (Football),159798,46575,29484,14834,29843
Soccer Stars,991270,207756,84572,37987,107938
Solitaire!,195937,33119,9035,2156,3821
Solitaire,161123,64891,22679,9489,14119
"Solo Launcher-Clean,Smooth,DIY",2024999,446626,190279,64592,121074
Solo LockerÔºàDIY LockerÔºâ,347298,60931,29164,12385,20203
SOMA free video call and chat,275318,61311,32617,11738,21993
SongPop,288822,65309,19567,8620,16297
Sonic 4 Episode II LITE,254353,47474,33714,23003,52397
Sonic Dash 2: Sonic Boom,163258,29831,16498,8897,19695
Sonic Dash,1907063,457664,199024,83891,148815
Sonic Jump Fever,215377,53432,29060,14722,25388
Sonic Racing Transformed,269977,48799,36446,26630,94366
SoundCloud - Music &amp; Audio,1689186,416296,159369,65913,121506
SoundHound Music Search &amp; Play,392634,116522,43876,18521,42166
Spartan Wars: Blood and Fire,154126,32639,17452,9249,30247
Speed Racing,145839,49417,28928,16089,25888
SpeedCar,164809,42872,22475,10783,18400
SpeedMoto,220288,63620,33865,17808,29955
Speedtest.net,559878,162207,60159,23238,42005
SpeedX 3D,210374,52128,30017,15082,30842
Spider Solitaire,169033,52122,17589,7561,11913
Spider-Man Unlimited,1185507,278823,140967,75473,167116
SpongeBob Diner Dash,286651,59995,48945,32655,69931
Spotify Music,4910127,1033279,315537,129407,276593
Square InstaPic - Photo Editor,351729,98150,42519,15372,23120
Stack,191533,50387,21250,7747,19562
Stair Dismount,141052,37298,24866,15181,33328
Star Girl,315391,62391,36777,18670,40584
Star Girl: Beauty Queen,203428,35259,22417,13204,29728
Star Wars‚Ñ¢: Commander,532705,165937,64762,28666,57901
Star Wars‚Ñ¢: Galaxy of Heroes,699546,200672,46780,12377,31438
Starbucks,211915,60250,13252,8365,19600
Steam,390316,87324,41345,18434,50768
Stick Hero,344066,130873,78219,37234,60457
Stick War: Legacy,209371,35992,13306,4805,11423
Stickman Base Jumper,146315,45299,28897,15345,29777
Stickman Basketball,205967,48743,28637,15303,35050
Stickman Dismounting,196730,34640,15270,7118,17392
Stickman Soccer 2014,398313,87331,47372,25369,52683
Stickman Soccer,275872,73882,40193,21788,43891
Stickman Warriors,378322,66119,36921,18777,46000
Strawberry Shortcake Bake Shop,119003,23798,21758,16295,39440
Strawberry Shortcake BerryRush,228686,42955,27957,18605,34463
Strawberry Sweet Shop,109752,22725,21788,16027,38361
Stupid Zombies,203602,45729,20913,9603,18514
Subway Surfers,15304001,2722801,1240586,598730,1160642
Sudoku,312218,140941,31840,9609,14312
Sugar Smash,173446,38330,15402,7167,12759
Summoners War,1172095,251142,110532,49381,143141
Super File Manager (Explorer),161912,43477,31880,10906,22905
Super-Bright LED Flashlight,5806749,921757,346835,158677,285587
SuperB Cleaner (Boost &amp; Clean),436548,126740,88854,27746,61364
SuperSU,320381,44512,21487,11741,47972
Superuser,147647,22828,12077,6147,23925
SuperVPN Free VPN Client,294909,73296,36861,15519,42407
Survivalcraft Demo,600834,127531,106294,64906,187874
Swamp Attack,1049637,220223,115206,57134,99783
Swarm ‚Äî by Foursquare,195546,73693,40761,19165,59228
Sweet Selfie  Halloween selfie,239584,50643,21663,7770,12372
Swift WiFi:Global WiFi Sharing,540463,117825,78299,30152,89825
SwiftKey Keyboard,1459340,367833,119271,50640,76684
Swordigo,309650,66257,30662,15202,24263
T-Mobile,196975,72286,24843,8954,18919
Table Tennis 3D,182084,56791,30127,12469,25919
Tablet AntiVirus FREE 2016,267109,55525,20451,10127,17506
"Tagged - Meet, Chat &amp; Dating",227156,91459,55202,17808,28539
Talking Angela,831545,143579,113728,74105,357928
Talking Ben the Dog,927770,150161,96467,54875,113857
Talking Ginger 2,387788,69864,48943,33730,67436
Talking Ginger,1044280,184043,112210,64658,147140
Talking Pierre the Parrot,420606,76875,51734,32566,64312
Talking Tom &amp; Ben News,688336,100390,63916,39246,80133
Talking Tom Bubble Shooter,332493,55371,31345,13978,31099
Talking Tom Cat 2,1978128,365308,206717,112055,225718
Talking Tom Cat,925091,210776,114202,58703,114468
Talking Tom Gold Run,518564,72364,36805,16930,33855
Talking Tom Jetski,217557,37627,25846,15594,29781
Talkray - Free Chats &amp; Calls,147440,37840,22508,12338,21085
Tango - Free Video Call &amp; Chat,2304847,623758,314730,130567,238384
Tank Hero,256628,73931,22640,8293,16834
Tap the Frog,174201,49705,26381,14730,23027
Tap Titans,1077091,85649,31206,13256,31941
"Tapatalk - 100,000+ Forums",147697,61165,19241,9098,24662
Tastely,363195,63114,19015,8999,10576
TeamViewer for Remote Control,339665,66195,22586,9882,20008
Tebak Gambar,160040,48195,28645,10292,15776
Teen Patti - Indian Poker,699926,150776,62280,27893,52880
Tekken Card Tournament (CCG),202137,44592,25219,13535,37315
Telegram,1316352,372159,181999,83134,143336
Temple Run 2,4381750,1014181,511141,258479,467249
Temple Run,2177889,462256,230869,118151,220696
TERMINATOR GENISYS: GUARDIAN,136776,29749,16245,8335,23642
Terraria,337512,51864,35853,20903,81035
TETRIS¬Æ,158207,63833,33999,16071,31566
Texas HoldEm Poker Deluxe,279141,58941,19255,6671,18894
Text Free - Free Text + Call,146105,36182,20140,8861,18910
Text Me - Free Texting &amp; Calls,170756,54864,27856,9706,20506
Textgram - write on photos,167332,46723,20141,7107,12508
TextNow - free text + calls,140719,30872,16451,7742,15782
textPlus: Free Text &amp; Calls,209746,55589,33429,15202,34838
Hobbit:Kingdom of Middle-earth,133269,34541,19276,10863,30213
The Maze Runner,228953,64044,45147,23962,42966
The Oregon Trail: Settler,207924,42711,19076,10432,25614
The Simpsons‚Ñ¢:  Tapped Out,2349875,457307,213659,109477,287755
The Simpsons‚Ñ¢: Tapped Out,402685,93893,37585,19736,44007
The Sims FreePlay,2474759,474895,264462,132059,404697
The Sims‚Ñ¢ FreePlay,534888,110953,54476,27158,74322
The Voice: On Stage - Sing!,170368,32873,22581,13199,39826
The Walking Dead: Season One,714165,99808,51597,25720,63519
The Weather Channel,782217,301625,88003,38932,68012
the Weather,223736,141103,33922,10198,15602
Thor: TDW - The Official Game,540810,104489,49133,23999,49859
Throne Rush,768305,142403,70158,33464,79862
Tic Tac Toe,143711,36511,26524,14789,31375
Timeshift burst,31873,7418,3063,1242,2971
Tinder,892072,490077,216038,74352,189371
Tiny Flashlight + LED,2843630,783526,266947,102891,175524
Titanium Backup ‚òÖ root,278603,42359,13213,5808,15927
"To-do list, Task List - Any.do",182251,47593,14164,6628,10819
Toca Kitchen 2,326421,49363,27932,14669,30314
Toilet Time - A Bathroom Game,312915,71803,42452,22150,43856
Tokopedia - Jual Beli Online,162348,55018,33284,13532,23130
Tom &amp; Jerry: Mouse Maze FREE,160744,32249,22657,12662,21813
Tom Loves Angela,538664,96938,68399,43140,101964
Tom's Love Letters,413114,70867,47727,31566,71564
Toolbox for Minecraft: PE,177266,20419,15380,9169,41051
Top Eleven Be a Soccer Manager,1959270,401355,147064,64888,165959
Topface - Dating Meeting Chat!,129630,35743,19619,10019,38652
Touchgrind BMX,295864,58760,36026,19170,46787
TouchPal Emoji Keyboard,228496,52758,23630,9176,19021
TouchPal Keyboard - Cute Emoji,682932,179444,76757,31225,63743
Tower Defense¬Æ,209692,55832,17627,6835,19135
Township,1699847,344628,113706,40406,75971
Townsmen,198643,47473,22832,11276,23822
Toy Blast,344954,84621,25041,5960,10681
Toy Truck Rally 3D,125196,27610,23478,14283,34863
TrackID‚Ñ¢ - Music Recognition,370825,93460,37039,17323,33549
Traffic Racer,3213697,631517,288510,140043,240070
Traffic Rider,3479741,548054,154458,40761,88288
Train Sim,128952,29973,21612,13073,35285
Train Simulator 2016,158442,31051,17565,7501,16588
Transit Directions by Moovit,266758,89169,34235,15279,26444
Transparent clock &amp; weather,325604,143104,43795,15146,22996
Trial Xtreme 3,503973,117293,60952,27495,57322
Trial Xtreme 4,274817,66470,37024,17969,45595
Trials Frontier,563515,137573,65648,32571,70637
TripAdvisor Hotels Restaurants,578335,244484,55194,16979,36616
Trivia Crack,3783111,1287387,359302,102903,185634
Troll Face Quest Video Memes,209352,25671,12526,5191,15112
Truck Driver 3D: Offroad,145393,37191,30336,15761,43370
Truck Simulator 3D,346215,84280,54347,30996,74712
Truecaller: Caller ID &amp; Dialer,2682227,779380,249020,81365,131224
Truedialer - Phone &amp; Contacts,230575,77511,31866,12409,18207
Tumblr,1512301,423091,163753,63835,108888
TuneIn Radio - Radio &amp; Music,862464,243154,80480,35665,66999
"Turbo Cleaner - Boost, Clean",325493,93471,60993,19581,40696
Turbo Dismount‚Ñ¢,333514,59515,34556,19350,43862
Turbo Driving Racing 3D,251403,66601,36314,19279,32718
Turbo FAST,779204,141620,78822,42639,90080
TweetCaster for Twitter,287358,158279,41653,11596,16426
Twist,150981,38482,20598,7626,25191
Twitch,971082,132183,30786,11154,31765
Twitter,5232220,1564237,686796,310109,686873
Two Dots,247160,87501,30775,12824,19535
Uber,952963,229214,82260,35391,119393
UC Browser - Fast Download,8555786,1746127,691657,259525,463610
UC Browser Mini - Smooth,1653835,382483,156852,63086,101298
Ultimate Soccer - Football,263459,65271,46756,22536,63956
Unblock Me FREE,388222,123437,54772,25198,43922
UNO ‚Ñ¢ &amp; Friends,702089,193834,113085,58842,147911
Unroll Me ‚Ñ¢- unblock the slots,128195,52883,44788,29160,51003
Up Hill Racing: Car Climb,211842,43782,32925,20939,44832
Vagalume,147329,37946,23405,11378,21557
"Vault-Hide SMS, Pics &amp; Videos",503979,125189,46800,18277,35602
Vector 2,257505,36765,19136,9482,25989
Vector,1771707,347954,173525,83472,198395
Verizon Cloud,88585,28776,8031,2900,14597
Verizon Messages,286485,44325,11413,5502,8639
Verizon Tones,12299,5004,3173,1510,14818
Vevo - Watch HD Music Videos,167082,43393,22121,10612,22623
Viber,6149956,1580037,712309,323528,594153
Video Collage Maker,182213,47905,28863,15303,28842
Video Downloader,196497,48710,18242,4521,8760
"Video Editor Music,Cut,No Crop",467122,84492,30324,11264,20610
Video Editor,340824,71919,38863,18309,48007
Video Player for Android,264348,83928,36399,14520,34633
VideoShow - Video Editor,1631169,280986,118971,50447,102292
Viki: TV Dramas &amp; Movies,147488,39857,19074,9560,21031
Vine - video entertainment,717026,167175,96490,49190,93896
Virtual Families 2,328282,80590,50890,24456,52530
Virtual Table Tennis 3D,169729,51563,26558,13632,32515
VivaVideo: Free Video Editor,3362654,676648,251525,88851,174806
VK,2332874,414355,220932,148440,386471
VLC for Android beta,499508,165642,74572,33205,49846
VLC for Android,382071,121060,44873,17932,27129
Voice changer with effects,640962,183424,106623,50429,86524
Voice Recorder,183559,46199,18584,8411,13963
Volleyball Champions 3D,182268,63719,35272,14142,24735
Voxer Walkie Talkie Messenger,145025,41136,19924,7823,14051
VPN Master-Free¬∑unblock¬∑proxy,280757,41744,16885,6146,19456
VSCO,310666,78629,36387,15835,25156
Walk Band - Multitracks Music,325243,78249,37242,18197,32761
Walking Dead: Road to Survival,241470,64475,30377,14523,40541
Wallapop - Buy &amp; Sell Nearby,230935,72147,28358,11164,23518
Wallpapers HD,367625,83118,18736,5608,8317
"Wallpapers, Icons - LINE DECO",269111,82111,39629,16044,22412
Walmart,238882,73580,20517,8976,15470
Waplog Chat &amp; Free Dating,175874,53553,36233,15156,32392
War Robots,646945,127853,42897,16643,41115
Warlings,171008,46103,28101,14213,28061
WARSHIP BATTLE:3D World War II,301784,86749,37266,16130,34573
WatchESPN,155768,54607,12959,7255,30830
Water Drink Reminder,327256,77289,20876,7749,11369
Waterfall Live Wallpaper,141951,37824,20949,11636,25353
Wattpad  üìñ  Free Books,1612870,265385,103416,42498,75126
"Waze - GPS, Maps &amp; Traffic",3887520,1168002,252177,78325,121025
We Heart It,421729,78837,35578,17401,26127
Weaphones‚Ñ¢ Gun Sim Free Vol 1,345050,57901,35512,20067,47796
Weaphones‚Ñ¢ Gun Sim Free Vol 2,143465,24156,13842,8129,19721
Weather &amp; Clock Widget Android,1280483,557449,161177,47929,72795
Weather &amp; Radar,138463,66564,11024,3583,5528
Weather Live Free,217783,94296,29371,9402,14841
Weather XL PRO,175292,57505,15483,7048,11412
Weather,701784,279954,84168,23456,33978
WeatherBug - Forecast &amp; Radar,459093,174699,37027,16628,26095
WeChat,2984644,805842,412284,178569,360494
Westbound Build Magic City!,182875,27455,17924,10103,23088
WHAFF Rewards,294536,50305,29970,11422,34611
WhatsApp Messenger,32239955,7058961,2940544,1258546,2447683
WhatsApp Wallpaper,1359508,415575,329300,163331,286739
WhatsCall - Free Global Calls,510179,54376,31130,12140,30805
Where's My Mickey? Free,158074,34511,25831,18133,37243
Where's My Water? 2,945658,226924,137404,76772,147274
Where's My Water? Free,775183,150530,77386,39265,85837
Where‚Äôs My Perry? Free,354976,64640,39698,22870,50076
Whoscall - Caller ID &amp; Block,305927,80565,31494,12262,21090
Wifi Analyzer,207395,64107,21314,8601,15376
WiFi Magic by Mandic Passwords,128855,34181,25960,12757,25841
WiFi Map ‚Äî Free Passwords,203945,34946,19929,9723,27082
WiFi Master Key - by wifi.com,763107,173655,118915,47174,148735
Wikipedia,350660,94266,34145,14868,23416
Winter Craft 3: Mine Build,142046,25283,26352,18897,86566
Wish - Shopping Made Fun,2113362,605673,207171,56950,116756
Wonder Zoo - Animal rescue !,336753,70960,35610,17445,38227
Wondershare PowerCam,200565,46930,25801,13071,25893
Word search,327110,122955,67333,33617,48682
WordBrain,342747,233857,62187,9286,11605
Wordfeud FREE,315531,168138,32746,7037,10528
Wordie: Guess the Word,227751,52766,19959,8711,14699
Words With Friends Classic,995570,421020,128791,53563,84627
Words With Friends ‚Äì Play Free,415454,148717,46238,20618,34026
WordStreak by WordsWithFriends,318067,111472,22830,6220,10401
World at Arms,411443,114530,48660,21164,54847
World Chef,347283,83892,32366,11141,25188
World of Tanks Blitz,991266,152784,72542,42043,141679
World Series of Poker ‚Äì WSOP,315635,82538,24677,9415,24557
World Soccer League,162457,41927,27076,9613,20696
WorldCraft : 3D Build &amp; Craft,307280,63189,42042,21720,61692
WPS Office + PDF,741653,214808,71090,26939,43755
Wrestling Revolution 3D,375891,82511,53821,28022,61678
WWE,472672,72602,26819,12880,31469
Wynk Music: MP3 &amp; Hindi songs,197358,85481,36806,15313,26147
Xbox,161511,35787,15149,7137,21751
"Xender: File Transfer, Sharing",418937,123115,50693,22863,32740
Xperia Keyboard,67877,19642,9689,3727,6250
Xperia Lounge (entertainment),87897,30102,17139,8260,16944
Xray Scanner Prank,149711,24662,21539,13916,107006
Yahoo Mail ‚Äì Stay Organized!,1916284,814018,253379,98813,191300
Yahoo Messenger - Free chat,289263,83376,48152,24803,68946
Yahoo Weather,709912,302159,78974,26104,36301
Yandex Browser for Android,451031,81766,29353,15625,36414
Yandex.Maps,198966,50317,19788,12115,26428
Yandex.Navigator,358353,96786,39619,23390,48095
Yellow Booster ‚Äì Clean &amp; Boost,428884,94017,42566,11561,20064
Yelp,185200,79862,21086,7497,19841
Yoo Ninja! Free,199823,57229,21686,9196,16883
YouCam Makeup: Selfie Makeover,1640990,250700,118210,56534,104186
YouCam Perfect - Selfie Camera,714733,149983,59032,26775,43572
YouNow: Live Stream Video Chat,153576,27690,21387,10767,35382
YouTube,8505298,1965209,958478,507162,1449014
Z Camera,196861,51544,25387,9151,19432
Zalo,452046,102267,56637,30360,60604
"Zapya - Share File, Share Fun",189998,34600,15159,7068,10323
Zaycev ‚Äì –º—É–∑—ã–∫–∞ –∏ –ø–µ—Å–Ω–∏ –≤ mp3,236543,33150,12015,6867,14824
ZEDGE‚Ñ¢ Ringtones &amp; Wallpapers,3279434,851281,204491,62363,99358
Zello PTT Walkie Talkie,441973,102277,48266,20843,33562
ZENONIA¬Æ 5,244309,44368,18743,8252,30133
ZenUI Dialer &amp; Contacts,229537,55691,19120,6090,11211
"ZenUI Keyboard ‚Äì Emoji, Theme",330673,79405,27586,7276,10901
"ZenUI Launcher-Theme,Wallpaper",682056,96033,30569,10672,20136
"ZERO Launcher pro,smart,boost",1184460,311394,126107,50239,93186
ZigZag,524495,136408,71776,34552,88964
Zing MP3,359001,62264,33176,19680,41180
Zombie Age 2,373611,82291,40801,18948,34943
Zombie Assault:Sniper,153383,46686,25022,11387,19234
Zombie Diary,210171,46380,24156,11829,23513
Zombie Frontier,192905,58677,26917,11692,24697
Zombie Highway,375954,103286,48525,22218,38709
Zombie Killer,182454,49288,29557,14931,27780
Zombie Road Trip,170358,35094,18570,10365,21254
Zombie Roadkill 3D,534994,141136,69261,34425,50459
Zombie Smasher,504566,133300,72994,36091,57769
Zombie Tsunami,2642584,522955,254299,127762,214795
Zombie World War,290569,113046,59980,25586,43977
Zoosk - #1 Dating App,256561,68936,42544,17503,57324
Zynga Poker ‚Äì Texas Holdem,887045,202247,79597,32653,92059
¬µTorrent¬Æ- Torrent Downloader,1772437,411996,114987,45515,115177
–°–±–µ—Ä–±–∞–Ω–∫ –û–Ω–ª–∞–π–Ω,814485,125502,29953,20949,55475
ÿµŸÑÿßÿ™ŸÉ Salatuk (Prayer time),350875,38602,15588,9508,15331
ÎÑ§Ïù¥Î≤Ñ - NAVER,204618,43129,29457,19041,67025
Îã§Ìï®Íªò Ï∞®Ï∞®Ï∞® for Kakao,1241313,331567,128489,21333,62126
Îã§Ìï®Íªò ÌêÅÌêÅÌêÅ for Kakao,531742,136942,65175,10928,24486
Î™®ÎëêÏùòÎßàÎ∏î for Kakao,934684,225052,145056,51627,205131
Î™¨Ïä§ÌÑ∞ Í∏∏Îì§Ïù¥Í∏∞ for Kakao,1033104,250495,135245,32404,88533
Ïï†ÎãàÌå° ÏÇ¨Ï≤úÏÑ± for Kakao,195311,71357,45845,9911,18295
Ïï†ÎãàÌå°2 for Kakao,515011,224606,139875,32093,70386
ÏúàÎìúÎü¨ÎÑà for Kakao,1069647,297881,153993,28550,78172
Ïø†ÌÇ§Îü∞ for Kakao,1725147,380304,213291,61220,168363
‚àû Infinity Loop,167297,44651,17004,6269,9223
‚ñ∫ MultiCraft ‚Äï Free Miner!,440703,34918,25994,13572,56560
„Éë„Ç∫„É´ÔºÜ„Éâ„É©„Ç¥„É≥„Ç∫(Puzzle &amp; Dragons),317927,60254,37596,19731,53362
„É¢„É≥„Çπ„Çø„Éº„Çπ„Éà„É©„Ç§„ÇØ,249920,72195,46170,27742,79822
Á•ûÈ≠î‰πãÂ°î,559874,70828,40558,21166,88609
